"Job_ID","Pipeline_ID","Scan_Type","Severity","Vulnerability_Count","Arrival_Time_Min","Service_Time_Min","Risk_Score","Developer_Experience","Code_Change_Size"
1,"PL-0049","SAST","High",8,0.11,5.61,84.03,"Junior","Medium"
2,"PL-0153","SCA","Medium",3,0.34,2.17,48.76,"Senior","Large"
3,"PL-0074","SAST","Medium",2,2.28,2.71,53.39,"Intermediate","Small"
4,"PL-0228","SAST","Low",1,3.99,3.78,27.6,"Junior","Large"
5,"PL-0146","IaC","Low",4,13.04,4.17,18.74,"Junior","Small"
6,"PL-0122","SCA","Medium",4,13.48,3.13,36.54,"Junior","Small"
7,"PL-0049","SCA","Medium",5,14.71,3.04,41.73,"Senior","Medium"
8,"PL-0128","DAST","High",5,16.42,7.19,74.06,"Junior","Medium"
9,"PL-0024","SAST","Medium",2,18.02,5.11,61.09,"Intermediate","Medium"
10,"PL-0089","SAST","Medium",2,18.97,3.68,43.38,"Junior","Small"
11,"PL-0165","IaC","Critical",15,19.12,6.28,100,"Intermediate","Large"
12,"PL-0110","SAST","Low",4,21.78,3.66,30.12,"Intermediate","Small"
13,"PL-0020","DAST","Critical",4,21.8,5.77,100,"Junior","Small"
14,"PL-0297","Container","Medium",4,21.82,5.97,55.21,"Intermediate","Small"
15,"PL-0089","SCA","High",9,26.88,4.3,70.46,"Junior","Large"
16,"PL-0283","SCA","Low",3,29.85,3.29,17.34,"Senior","Medium"
17,"PL-0109","IaC","Critical",4,32.59,2.83,98.05,"Intermediate","Large"
18,"PL-0005","SCA","Critical",7,32.98,3.95,87.91,"Intermediate","Small"
19,"PL-0212","IaC","Medium",5,33.76,3.38,51.05,"Junior","Medium"
20,"PL-0259","DAST","Medium",4,35.62,5.44,45.65,"Senior","Medium"
21,"PL-0298","Container","Low",2,36.09,6.4,29.78,"Intermediate","Medium"
22,"PL-0024","SCA","Medium",6,47.36,2.73,50.73,"Intermediate","Medium"
23,"PL-0158","SAST","Medium",3,49.9,3.52,41.63,"Junior","Medium"
24,"PL-0299","DAST","Low",3,50.16,4.32,18.84,"Senior","Large"
25,"PL-0136","SCA","Medium",2,52.91,2.37,46.41,"Intermediate","Large"
26,"PL-0292","SAST","Medium",6,53.82,3.87,56.27,"Junior","Small"
27,"PL-0146","Container","Medium",4,54.16,6.16,62.98,"Junior","Medium"
28,"PL-0109","SAST","Medium",1,54.4,3.3,45.33,"Senior","Large"
29,"PL-0197","SAST","High",6,64.81,5.34,68.43,"Junior","Small"
30,"PL-0004","Container","Medium",4,66.27,6.82,73.29,"Junior","Large"
31,"PL-0226","SAST","Medium",5,68.88,3.99,54.67,"Junior","Small"
32,"PL-0215","SCA","Medium",3,70.31,3.24,48.89,"Intermediate","Medium"
33,"PL-0245","SAST","High",7,71.61,4.15,97.14,"Intermediate","Small"
34,"PL-0114","DAST","Low",1,72.93,6.48,24.38,"Senior","Small"
35,"PL-0262","SAST","High",10,73.54,4.85,86.54,"Junior","Medium"
36,"PL-0130","SAST","Medium",3,74.07,3.11,48.11,"Junior","Medium"
37,"PL-0003","IaC","Critical",13,82.02,5.02,100,"Intermediate","Small"
38,"PL-0258","DAST","High",10,84.54,7.34,93.04,"Junior","Small"
39,"PL-0186","DAST","Low",1,84.58,4.38,26.38,"Intermediate","Small"
40,"PL-0138","SAST","Low",2,86.9,4.24,27.25,"Junior","Large"
41,"PL-0040","SAST","Low",4,88.47,4.92,23.45,"Senior","Small"
42,"PL-0005","SAST","Medium",4,90.32,3.78,43.41,"Senior","Large"
43,"PL-0033","SCA","Low",2,91.02,2.92,14.47,"Junior","Small"
44,"PL-0103","SCA","Medium",6,93.15,2.7,58.61,"Senior","Medium"
45,"PL-0228","SAST","Medium",5,96.41,3.75,52.48,"Senior","Small"
46,"PL-0109","Container","Low",1,96.41,5.8,7.75,"Intermediate","Medium"
47,"PL-0157","DAST","Critical",9,97.81,6.83,100,"Junior","Medium"
48,"PL-0076","SAST","Medium",4,98.81,3.99,55.85,"Junior","Small"
49,"PL-0265","SCA","Medium",4,101.13,2.1,48.15,"Senior","Medium"
50,"PL-0035","SAST","Medium",7,105.42,5.17,67.81,"Senior","Small"
51,"PL-0221","IaC","High",5,105.64,3.98,79.18,"Intermediate","Large"
52,"PL-0016","SAST","Medium",3,108.03,3.84,38.91,"Junior","Small"
53,"PL-0220","DAST","Medium",3,111.9,5.23,52.57,"Junior","Medium"
54,"PL-0248","DAST","Low",1,111.93,4.44,17.87,"Senior","Large"
55,"PL-0118","SAST","Medium",7,112.46,2.95,62.59,"Intermediate","Large"
56,"PL-0130","DAST","Medium",3,114.05,5.69,39.12,"Senior","Small"
57,"PL-0082","SAST","Critical",16,114.55,5.02,100,"Junior","Small"
58,"PL-0110","SAST","Medium",2,114.63,3.78,54.56,"Junior","Small"
59,"PL-0296","SAST","Low",3,114.72,3.7,24.27,"Intermediate","Small"
60,"PL-0149","DAST","High",6,117.08,7.06,82.23,"Junior","Medium"
61,"PL-0057","SCA","Medium",6,119.43,3.67,47.99,"Senior","Medium"
62,"PL-0100","SCA","Low",2,124.61,3.49,21.27,"Intermediate","Medium"
63,"PL-0298","Container","Low",2,127.62,3.4,22.19,"Intermediate","Small"
64,"PL-0091","SAST","Medium",6,130.61,4.6,61.36,"Junior","Small"
65,"PL-0269","SAST","Medium",2,130.67,4.18,49.82,"Senior","Small"
66,"PL-0181","Container","Low",5,132.64,5.94,31.57,"Senior","Medium"
67,"PL-0054","DAST","Low",2,134.29,5.86,18.01,"Intermediate","Small"
68,"PL-0288","SCA","Low",4,134.51,1.98,21.52,"Junior","Medium"
69,"PL-0208","DAST","High",6,138.67,6.24,72.82,"Intermediate","Medium"
70,"PL-0246","DAST","Medium",2,142.47,3.92,54.14,"Senior","Small"
71,"PL-0060","DAST","Medium",4,143.88,5.57,51.51,"Intermediate","Large"
72,"PL-0285","SCA","High",11,145.68,4.56,87.93,"Intermediate","Large"
73,"PL-0108","SAST","Critical",8,147.65,5.34,100,"Junior","Small"
74,"PL-0126","IaC","Medium",4,148.14,4.09,44.75,"Intermediate","Medium"
75,"PL-0112","SCA","High",10,148.34,3.76,88.53,"Junior","Large"
76,"PL-0072","SCA","Low",1,149,3.22,25.4,"Intermediate","Large"
77,"PL-0285","DAST","High",10,150.37,7.96,88.34,"Junior","Medium"
78,"PL-0001","Container","Medium",8,150.4,5.46,58.65,"Intermediate","Small"
79,"PL-0141","Container","Medium",6,156.97,5.54,58.4,"Junior","Large"
80,"PL-0206","Container","Critical",9,161.29,6.32,100,"Intermediate","Small"
81,"PL-0299","SAST","Critical",6,164.68,4.02,97.63,"Junior","Medium"
82,"PL-0042","Container","Critical",13,173.29,6.47,100,"Senior","Medium"
83,"PL-0042","SCA","Medium",4,173.6,4.19,40.18,"Senior","Small"
84,"PL-0248","Container","Medium",4,177.54,6.29,41.35,"Junior","Medium"
85,"PL-0251","DAST","Low",4,178.07,5.74,32.02,"Junior","Large"
86,"PL-0157","SCA","Medium",2,182.35,4.08,47.29,"Intermediate","Large"
87,"PL-0025","SAST","Low",3,187.07,2.75,21.62,"Senior","Medium"
88,"PL-0191","SCA","Medium",1,187.16,2.06,51.29,"Senior","Large"
89,"PL-0032","Container","Critical",6,187.2,5.77,95.88,"Senior","Small"
90,"PL-0238","IaC","High",9,189.75,4.39,93.46,"Intermediate","Small"
91,"PL-0014","SAST","Low",1,191.96,3.78,27.5,"Junior","Medium"
92,"PL-0111","DAST","Medium",2,196.01,5.49,40.32,"Intermediate","Small"
93,"PL-0262","SAST","Low",1,198.72,2.43,24.93,"Junior","Medium"
94,"PL-0299","SAST","High",8,199.75,5.01,74.24,"Junior","Large"
95,"PL-0208","DAST","High",8,202.02,6.49,86.81,"Senior","Medium"
96,"PL-0246","IaC","Medium",4,204.3,4.76,50.06,"Junior","Small"
97,"PL-0242","SAST","High",5,205.4,5.39,72.49,"Junior","Medium"
98,"PL-0287","Container","High",7,208.83,5.61,80.16,"Senior","Small"
99,"PL-0224","SAST","Medium",6,212.63,5.46,52.66,"Senior","Small"
100,"PL-0262","SAST","High",9,214.8,6.04,81.69,"Junior","Small"
101,"PL-0214","SAST","High",9,215.75,3.29,95.84,"Senior","Large"
102,"PL-0294","Container","Medium",3,216.49,5.91,39.83,"Intermediate","Small"
103,"PL-0095","SAST","Low",3,218.61,2.71,29.08,"Junior","Medium"
104,"PL-0006","SCA","High",5,218.94,3.82,76.56,"Intermediate","Small"
105,"PL-0252","Container","Medium",3,219.18,4.85,47.65,"Intermediate","Medium"
106,"PL-0271","Container","High",5,219.74,5.4,80.98,"Junior","Small"
107,"PL-0034","SAST","Low",1,222.86,4.36,16.02,"Junior","Large"
108,"PL-0188","SAST","High",9,230.29,4.74,92.66,"Intermediate","Medium"
109,"PL-0254","DAST","Medium",2,231.38,4.56,49.83,"Intermediate","Small"
110,"PL-0268","SAST","High",5,232.6,5.27,74.41,"Junior","Small"
111,"PL-0128","Container","High",6,233.99,4.71,96.41,"Junior","Small"
112,"PL-0041","IaC","High",5,234.21,5.12,72.25,"Junior","Medium"
113,"PL-0193","SAST","High",5,237.21,4.79,74.83,"Intermediate","Small"
114,"PL-0066","DAST","High",8,239.59,6.97,80.01,"Senior","Large"
115,"PL-0152","SCA","Medium",6,240.05,1.59,38.25,"Senior","Small"
116,"PL-0098","SAST","Medium",5,242.69,2.94,59.37,"Junior","Small"
117,"PL-0025","Container","Medium",4,243.6,3.96,44.42,"Intermediate","Medium"
118,"PL-0107","SAST","Low",3,246.54,2.37,24.2,"Intermediate","Medium"
119,"PL-0014","SAST","High",1,249.97,2.33,74.47,"Senior","Medium"
120,"PL-0162","IaC","High",6,251.22,4.35,79.18,"Intermediate","Small"
121,"PL-0124","SAST","Medium",6,252.69,4.37,59.45,"Senior","Large"
122,"PL-0194","IaC","High",8,254.34,3.69,87.06,"Junior","Small"
123,"PL-0095","IaC","Medium",8,255.59,5.25,61.19,"Senior","Small"
124,"PL-0032","SAST","Low",2,256.18,3.17,17.88,"Junior","Medium"
125,"PL-0185","SCA","Low",1,259.39,2.61,25.35,"Junior","Medium"
126,"PL-0284","SAST","Low",1,262.49,3.22,8.8,"Senior","Medium"
127,"PL-0118","DAST","Critical",9,262.62,5.66,96.8,"Intermediate","Small"
128,"PL-0037","IaC","Medium",8,270.58,6,58.82,"Junior","Medium"
129,"PL-0138","Container","Low",1,272.48,6.26,20.98,"Junior","Small"
130,"PL-0261","Container","Medium",1,273.33,3.58,42.23,"Junior","Small"
131,"PL-0035","DAST","Medium",2,274.39,5.54,57.23,"Intermediate","Medium"
132,"PL-0078","Container","Medium",6,282.38,4.13,49.39,"Intermediate","Medium"
133,"PL-0014","SAST","High",5,283.66,4.58,81.91,"Junior","Small"
134,"PL-0156","Container","Medium",5,286.22,5.65,51.8,"Junior","Small"
135,"PL-0097","SCA","High",5,287.33,3.14,83.9,"Intermediate","Medium"
136,"PL-0229","IaC","Medium",4,287.38,2.37,45.42,"Intermediate","Medium"
137,"PL-0182","SCA","High",5,290.56,2.98,79.01,"Junior","Small"
138,"PL-0127","SCA","High",4,291.92,4.36,71.32,"Intermediate","Small"
139,"PL-0287","SAST","High",7,295.79,3.05,81.2,"Junior","Small"
140,"PL-0043","IaC","High",5,296.47,3.12,68.15,"Senior","Small"
141,"PL-0180","SCA","Medium",1,298.54,3.02,49.03,"Senior","Medium"
142,"PL-0027","SCA","Low",5,300.19,4.44,30.91,"Senior","Medium"
143,"PL-0030","SCA","Low",3,304.42,2.74,13.25,"Junior","Medium"
144,"PL-0180","Container","High",6,304.75,3.11,65.76,"Intermediate","Small"
145,"PL-0212","Container","Medium",2,305.15,7.19,47.77,"Junior","Small"
146,"PL-0075","SAST","Low",1,307.12,2.8,21.61,"Intermediate","Small"
147,"PL-0201","SCA","Medium",3,307.73,4.42,41.81,"Senior","Small"
148,"PL-0062","Container","Medium",2,308.52,4.29,37.37,"Intermediate","Small"
149,"PL-0269","DAST","High",7,311.08,6.7,86.57,"Junior","Medium"
150,"PL-0124","IaC","Medium",3,312.14,3.08,46.36,"Senior","Small"
151,"PL-0063","DAST","High",8,313.26,6.65,77.96,"Intermediate","Large"
152,"PL-0049","SCA","Low",2,314.84,2.96,29.9,"Intermediate","Medium"
153,"PL-0061","SAST","Medium",1,318.28,2.48,56.92,"Junior","Small"
154,"PL-0116","IaC","Low",1,319.31,3.24,18.75,"Intermediate","Medium"
155,"PL-0257","SAST","Medium",2,322.48,3.77,51.35,"Intermediate","Small"
156,"PL-0028","IaC","Medium",6,328,4.77,53.92,"Senior","Medium"
157,"PL-0002","SAST","Medium",3,328.62,3.34,43.99,"Intermediate","Small"
158,"PL-0159","DAST","Low",2,339.07,7.32,21.23,"Intermediate","Large"
159,"PL-0136","SCA","Low",1,339.98,3.47,23.46,"Senior","Medium"
160,"PL-0127","SCA","Medium",7,342.78,3.06,68.8,"Intermediate","Small"
161,"PL-0208","IaC","Low",2,343.17,2.63,13.36,"Intermediate","Medium"
162,"PL-0259","Container","High",8,345.01,6.77,80.13,"Junior","Large"
163,"PL-0229","Container","Medium",3,346.57,5.34,47.72,"Junior","Small"
164,"PL-0269","SCA","Medium",7,352.54,2.7,52.71,"Senior","Small"
165,"PL-0012","SAST","Medium",9,354.66,3.37,55.39,"Junior","Small"
166,"PL-0193","IaC","High",3,358.19,4.29,68.08,"Intermediate","Small"
167,"PL-0158","Container","Medium",1,359.05,4.98,25.67,"Intermediate","Medium"
168,"PL-0051","SAST","Low",3,359.76,4.81,21.8,"Intermediate","Small"
169,"PL-0165","SCA","High",5,369.03,2.64,78.57,"Intermediate","Medium"
170,"PL-0047","Container","Medium",3,372.65,6.15,45.51,"Junior","Small"
171,"PL-0198","Container","Low",1,374.12,4.4,21.35,"Intermediate","Medium"
172,"PL-0010","Container","Medium",4,374.31,4.68,49.28,"Intermediate","Medium"
173,"PL-0255","Container","Medium",2,375.72,4.13,52.37,"Intermediate","Small"
174,"PL-0201","Container","Critical",6,377.35,5.81,100,"Junior","Large"
175,"PL-0233","SAST","Critical",12,378.22,4.39,100,"Junior","Small"
176,"PL-0003","SAST","Medium",4,381.32,4.99,52.8,"Intermediate","Small"
177,"PL-0181","IaC","Low",1,388.56,3.12,16.85,"Junior","Small"
178,"PL-0239","Container","Medium",4,388.79,5.81,44.61,"Intermediate","Large"
179,"PL-0284","DAST","High",9,390.04,7.04,90.55,"Junior","Medium"
180,"PL-0252","Container","High",1,390.34,4.39,73.42,"Intermediate","Medium"
181,"PL-0093","SCA","High",5,390.53,2.53,68.91,"Intermediate","Medium"
182,"PL-0084","IaC","High",8,390.57,4.15,70.74,"Senior","Medium"
183,"PL-0225","SAST","Low",3,406.88,2.89,35.89,"Junior","Medium"
184,"PL-0061","Container","Medium",4,410.95,4.31,56.14,"Senior","Large"
185,"PL-0102","SAST","Medium",2,411.97,4.04,38.24,"Junior","Medium"
186,"PL-0171","DAST","Medium",2,413.09,5.58,51.93,"Junior","Small"
187,"PL-0150","DAST","Medium",6,418.12,7.29,63.05,"Intermediate","Medium"
188,"PL-0182","SAST","Low",1,423.4,4.43,29.25,"Intermediate","Medium"
189,"PL-0055","DAST","High",9,429.26,5.58,81.29,"Junior","Medium"
190,"PL-0054","SCA","High",4,430.73,4.21,65.65,"Intermediate","Small"
191,"PL-0173","SAST","High",3,430.89,4.95,72.46,"Intermediate","Large"
192,"PL-0043","Container","High",2,435.84,5.41,70.06,"Intermediate","Small"
193,"PL-0207","Container","High",8,436.55,4.95,83.67,"Intermediate","Small"
194,"PL-0085","Container","High",6,436.82,6.08,87.55,"Senior","Small"
195,"PL-0153","Container","Low",1,438.74,5.99,26.22,"Junior","Medium"
196,"PL-0240","SAST","Low",4,439.75,3.71,23.04,"Intermediate","Small"
197,"PL-0049","IaC","High",10,442.35,4.99,85.05,"Junior","Small"
198,"PL-0139","IaC","Low",2,446.57,4.71,30.54,"Intermediate","Small"
199,"PL-0156","Container","Medium",3,449.33,6.19,54.91,"Junior","Large"
200,"PL-0274","SAST","High",7,452.1,4.4,85.81,"Senior","Small"
201,"PL-0055","IaC","Low",2,454.09,4.88,13.16,"Junior","Small"
202,"PL-0226","SAST","Medium",1,455.37,3.54,45.83,"Intermediate","Medium"
203,"PL-0250","Container","Critical",6,457.87,4.88,100,"Junior","Medium"
204,"PL-0170","Container","High",2,465.78,4.79,84.68,"Senior","Small"
205,"PL-0292","DAST","Medium",5,467.86,6.83,62.35,"Intermediate","Medium"
206,"PL-0148","DAST","Medium",2,467.9,6.52,41.59,"Junior","Medium"
207,"PL-0207","DAST","Critical",11,471.91,8.09,100,"Junior","Medium"
208,"PL-0189","DAST","High",8,472.72,7.62,81.63,"Intermediate","Small"
209,"PL-0113","SCA","Low",3,481.42,3.38,24.98,"Junior","Small"
210,"PL-0027","SAST","Medium",2,482.68,3.99,40.23,"Intermediate","Medium"
211,"PL-0094","IaC","Low",1,486.25,3.2,16.13,"Senior","Medium"
212,"PL-0133","SCA","High",7,495.19,3.98,91.06,"Intermediate","Medium"
213,"PL-0086","DAST","Medium",6,495.58,7.78,56.92,"Intermediate","Small"
214,"PL-0114","SAST","Medium",3,495.64,2.63,44.56,"Senior","Small"
215,"PL-0250","IaC","Low",1,496.64,4.56,9.17,"Intermediate","Medium"
216,"PL-0169","DAST","Medium",5,499.39,6.02,50.42,"Senior","Small"
217,"PL-0220","Container","Low",2,502.23,4.85,29.84,"Intermediate","Medium"
218,"PL-0038","Container","Medium",2,504.22,5.86,53.78,"Junior","Small"
219,"PL-0115","IaC","High",9,507.43,3.78,76.21,"Junior","Large"
220,"PL-0267","DAST","Medium",2,507.99,6.43,55.22,"Junior","Medium"
221,"PL-0220","SCA","Low",2,509.09,3.25,20.54,"Intermediate","Small"
222,"PL-0213","DAST","Low",2,510.12,5.96,22.93,"Junior","Small"
223,"PL-0292","DAST","Low",1,510.61,5.26,18.51,"Intermediate","Medium"
224,"PL-0214","SAST","High",5,511.27,4.86,80.59,"Intermediate","Small"
225,"PL-0113","DAST","High",7,512.76,7.25,67.52,"Intermediate","Medium"
226,"PL-0030","Container","Low",1,513.26,4.49,28.43,"Intermediate","Large"
227,"PL-0187","IaC","Critical",7,518.46,4.04,100,"Intermediate","Large"
228,"PL-0047","SAST","Low",3,518.72,4.56,34.17,"Senior","Small"
229,"PL-0105","Container","Low",1,518.85,5.49,9.88,"Intermediate","Medium"
230,"PL-0202","Container","High",2,519.85,3.66,63.95,"Junior","Small"
231,"PL-0088","Container","High",11,520.23,6.56,83.21,"Intermediate","Small"
232,"PL-0268","DAST","Low",1,523,4.4,23.33,"Senior","Medium"
233,"PL-0181","SCA","Medium",6,533.98,4.35,53.7,"Intermediate","Large"
234,"PL-0010","SAST","Low",2,539.81,3.89,21.74,"Senior","Medium"
235,"PL-0121","SAST","Low",2,540.49,3.52,18.33,"Senior","Small"
236,"PL-0089","SAST","Medium",3,543.09,4.18,60.2,"Junior","Small"
237,"PL-0037","SAST","Medium",2,557.44,3.49,59.69,"Junior","Large"
238,"PL-0194","SAST","Low",1,559.07,4.31,12.8,"Intermediate","Medium"
239,"PL-0163","DAST","Medium",8,559.79,7.15,50.71,"Junior","Small"
240,"PL-0283","SAST","Low",1,565.64,2.37,16.09,"Senior","Large"
241,"PL-0046","SAST","Medium",6,568.75,5.38,53.78,"Intermediate","Small"
242,"PL-0287","IaC","Low",2,572.33,4.38,9.07,"Intermediate","Medium"
243,"PL-0280","DAST","Medium",2,573.18,6.34,46.34,"Intermediate","Medium"
244,"PL-0244","Container","Medium",2,575.49,6.26,43.09,"Junior","Small"
245,"PL-0203","SAST","High",8,576.8,5.41,78.1,"Intermediate","Small"
246,"PL-0225","SAST","Critical",4,578.12,3.5,96.83,"Senior","Medium"
247,"PL-0206","DAST","Medium",5,578.2,5.08,40.26,"Intermediate","Large"
248,"PL-0289","DAST","Medium",2,579,5.81,46.62,"Intermediate","Medium"
249,"PL-0093","DAST","Medium",5,579.09,8.33,45.62,"Junior","Small"
250,"PL-0292","SAST","High",5,584.27,4.66,67.71,"Intermediate","Small"
251,"PL-0172","SAST","Medium",5,586.14,3.07,44.34,"Senior","Medium"
252,"PL-0253","SCA","High",5,595.58,3.41,65.33,"Intermediate","Medium"
253,"PL-0135","SCA","Low",3,598.69,3.34,31.18,"Senior","Medium"
254,"PL-0261","DAST","High",10,603.95,7.47,87.04,"Senior","Small"
255,"PL-0159","SAST","High",7,607.27,4.32,81.62,"Intermediate","Medium"
256,"PL-0141","SCA","Low",1,607.43,4.26,21.98,"Junior","Large"
257,"PL-0030","SAST","Low",3,607.97,4.37,28.16,"Intermediate","Medium"
258,"PL-0054","IaC","High",7,611.23,4.25,88.45,"Senior","Small"
259,"PL-0002","DAST","Medium",3,614.87,5.03,54.31,"Senior","Small"
260,"PL-0028","IaC","Medium",3,615.33,3.81,35.56,"Junior","Large"
261,"PL-0111","Container","High",6,622.85,3.62,82.59,"Junior","Medium"
262,"PL-0212","SAST","Critical",8,623.37,4.56,100,"Junior","Medium"
263,"PL-0235","IaC","Critical",8,628.08,3.61,99.95,"Intermediate","Small"
264,"PL-0265","SAST","Medium",3,629.26,4.28,50.61,"Junior","Medium"
265,"PL-0138","Container","Medium",4,635.36,5.95,44.6,"Junior","Small"
266,"PL-0199","SAST","Low",3,641.46,3.42,48.4,"Junior","Medium"
267,"PL-0115","IaC","High",4,643.81,3.04,78.72,"Senior","Medium"
268,"PL-0082","DAST","Medium",1,645.76,5.93,52.07,"Intermediate","Small"
269,"PL-0108","SAST","Low",2,646.38,3.16,17.88,"Senior","Medium"
270,"PL-0202","DAST","Medium",4,647.64,4.72,51.43,"Junior","Medium"
271,"PL-0073","SCA","High",5,649.54,2.77,83.34,"Junior","Small"
272,"PL-0147","IaC","Medium",4,650.81,4.24,42.19,"Intermediate","Small"
273,"PL-0046","SAST","Critical",10,651.02,5.18,100,"Junior","Small"
274,"PL-0247","IaC","Medium",6,652,1.68,46.61,"Junior","Large"
275,"PL-0131","IaC","Critical",8,652.49,3.42,100,"Intermediate","Small"
276,"PL-0150","DAST","Low",2,653.03,6.58,24.6,"Intermediate","Medium"
277,"PL-0061","Container","Medium",2,654.92,5.38,37.98,"Senior","Small"
278,"PL-0020","DAST","Medium",5,659.02,5.49,48.56,"Intermediate","Medium"
279,"PL-0170","IaC","Low",3,660.2,4.24,23.52,"Intermediate","Large"
280,"PL-0017","Container","Medium",5,672.39,5.73,44.23,"Senior","Medium"
281,"PL-0082","SCA","Medium",5,674.54,3.68,55.11,"Intermediate","Medium"
282,"PL-0211","SAST","High",4,677.14,2.97,74.49,"Intermediate","Large"
283,"PL-0174","IaC","Medium",3,678.16,2.11,57.9,"Intermediate","Large"
284,"PL-0273","SAST","Medium",4,687.77,3.24,47.19,"Senior","Small"
285,"PL-0094","IaC","Low",1,688.67,4.93,22.54,"Junior","Large"
286,"PL-0178","Container","Medium",4,691.81,5.09,42.76,"Senior","Medium"
287,"PL-0179","SAST","High",12,692.53,4.99,91.21,"Senior","Medium"
288,"PL-0074","IaC","Medium",6,693.83,3.97,51.47,"Intermediate","Medium"
289,"PL-0231","SAST","Low",2,694.87,3.83,9.53,"Junior","Medium"
290,"PL-0116","IaC","Critical",9,697.25,4.75,100,"Intermediate","Medium"
291,"PL-0214","Container","Low",1,697.73,5.78,24.01,"Intermediate","Medium"
292,"PL-0108","SAST","Medium",4,700.89,4.67,55.88,"Intermediate","Large"
293,"PL-0147","SCA","Medium",3,700.96,5.17,52.86,"Intermediate","Small"
294,"PL-0236","SAST","Medium",9,704.22,6.45,58.21,"Intermediate","Small"
295,"PL-0089","Container","Medium",5,709.38,6.47,61.25,"Junior","Medium"
296,"PL-0030","IaC","Medium",5,709.75,2.34,63.88,"Junior","Small"
297,"PL-0106","Container","Low",2,712.94,6.38,13.6,"Junior","Medium"
298,"PL-0103","SAST","Low",2,713.68,4,26.14,"Intermediate","Small"
299,"PL-0243","SCA","High",7,714.66,4.51,81.82,"Junior","Small"
300,"PL-0258","SAST","Medium",5,716,3.67,35.3,"Intermediate","Small"
301,"PL-0184","SAST","Medium",3,720.06,4.54,53.44,"Senior","Small"
302,"PL-0287","DAST","Medium",7,722.66,7.94,53.06,"Intermediate","Small"
303,"PL-0197","SAST","High",4,723.32,4.26,78.09,"Intermediate","Small"
304,"PL-0142","IaC","Medium",6,729.49,3.73,53.59,"Senior","Medium"
305,"PL-0192","SAST","Medium",1,732.03,4.13,46.98,"Intermediate","Large"
306,"PL-0234","IaC","Low",2,732.69,3.85,12.47,"Senior","Medium"
307,"PL-0047","SCA","Medium",5,733.43,3.51,43.5,"Junior","Medium"
308,"PL-0193","DAST","Critical",6,735.86,4.83,92.57,"Senior","Small"
309,"PL-0049","DAST","High",11,736.32,7.5,84.27,"Intermediate","Medium"
310,"PL-0022","DAST","Medium",5,738.91,6.27,57.36,"Intermediate","Large"
311,"PL-0257","DAST","Medium",1,740.21,5.9,43.68,"Senior","Small"
312,"PL-0235","DAST","High",6,741.62,6.85,83.08,"Senior","Large"
313,"PL-0132","SAST","High",7,753.22,4.7,74.98,"Intermediate","Medium"
314,"PL-0067","SCA","Medium",1,754.12,3.54,57.2,"Intermediate","Small"
315,"PL-0187","DAST","High",3,758.37,6.06,74.43,"Junior","Large"
316,"PL-0053","SAST","Critical",4,758.82,4.63,93.89,"Junior","Large"
317,"PL-0125","SAST","Medium",3,762.31,2.09,56.9,"Junior","Small"
318,"PL-0059","DAST","Low",1,763.39,6.34,17.86,"Intermediate","Small"
319,"PL-0170","SCA","Low",2,769.9,3.05,26.1,"Intermediate","Medium"
320,"PL-0190","SCA","Medium",7,770.31,4.81,43.3,"Senior","Medium"
321,"PL-0162","Container","Medium",4,774.86,3.38,44.44,"Junior","Medium"
322,"PL-0087","DAST","Medium",5,775.91,8.01,38.17,"Junior","Large"
323,"PL-0228","SAST","High",5,782.24,4.27,73.67,"Senior","Small"
324,"PL-0057","SAST","Medium",1,784.32,4.94,48.85,"Intermediate","Medium"
325,"PL-0148","DAST","Medium",5,785.9,6.61,50.32,"Intermediate","Medium"
326,"PL-0027","SAST","High",7,786.28,5.22,75.31,"Senior","Small"
327,"PL-0174","SCA","High",5,788.85,4.47,84.07,"Intermediate","Medium"
328,"PL-0174","IaC","Low",2,791.13,2.75,17.21,"Intermediate","Small"
329,"PL-0003","SAST","Low",2,795.15,4.31,28.08,"Senior","Small"
330,"PL-0095","Container","Medium",3,796.94,5.4,53.48,"Intermediate","Medium"
331,"PL-0191","SAST","Low",3,797.44,3.28,18.15,"Intermediate","Large"
332,"PL-0138","IaC","Medium",2,804.36,1.7,49.3,"Intermediate","Small"
333,"PL-0255","Container","Medium",6,804.74,6.15,47.08,"Intermediate","Medium"
334,"PL-0084","DAST","Low",1,814.8,6.08,28.41,"Intermediate","Large"
335,"PL-0157","Container","Low",2,818.89,5.29,29.57,"Senior","Small"
336,"PL-0238","DAST","Medium",6,818.98,5.98,51.09,"Intermediate","Large"
337,"PL-0196","Container","Critical",10,820.55,6.17,100,"Junior","Medium"
338,"PL-0168","DAST","Low",1,822.34,5.66,22.71,"Intermediate","Medium"
339,"PL-0087","SAST","High",9,822.6,5.2,87.35,"Junior","Small"
340,"PL-0218","SAST","High",6,823.61,5.59,81.65,"Senior","Large"
341,"PL-0202","SAST","Low",1,825.25,3.99,27.38,"Junior","Medium"
342,"PL-0110","SCA","Low",3,827.57,3.78,13.3,"Junior","Small"
343,"PL-0119","SAST","Low",1,830.83,4.3,24.1,"Senior","Small"
344,"PL-0107","DAST","Low",3,831.11,5.63,14.46,"Intermediate","Large"
345,"PL-0215","DAST","High",4,831.52,5.87,80.08,"Intermediate","Medium"
346,"PL-0054","DAST","Low",1,834.71,6.28,20.53,"Intermediate","Large"
347,"PL-0057","DAST","Critical",7,835.65,7.01,100,"Junior","Medium"
348,"PL-0027","DAST","Low",1,840.88,5.28,28.68,"Intermediate","Large"
349,"PL-0226","IaC","Medium",7,841.26,4.61,62.68,"Junior","Medium"
350,"PL-0080","SAST","High",6,845.62,5.41,81.53,"Intermediate","Medium"
351,"PL-0110","DAST","High",5,846.98,6.44,72.18,"Intermediate","Small"
352,"PL-0217","IaC","High",3,847.54,3.76,76.58,"Intermediate","Small"
353,"PL-0015","SAST","Low",1,847.58,4.31,39.86,"Intermediate","Medium"
354,"PL-0241","SAST","Medium",4,847.79,5.09,51.21,"Intermediate","Small"
355,"PL-0023","SAST","Low",3,853.12,3.57,29.48,"Intermediate","Small"
356,"PL-0266","SCA","Medium",4,859.68,4.38,50.07,"Senior","Small"
357,"PL-0141","IaC","Low",1,865.87,3.99,31.3,"Intermediate","Small"
358,"PL-0062","IaC","Medium",4,867.47,4.33,49.91,"Junior","Large"
359,"PL-0257","SCA","Critical",14,870.8,5.91,100,"Intermediate","Small"
360,"PL-0267","Container","High",5,871.16,5.55,88.81,"Intermediate","Small"
361,"PL-0282","IaC","High",9,871.86,4.08,87.31,"Senior","Small"
362,"PL-0250","DAST","Medium",1,874.23,5.88,56.83,"Intermediate","Small"
363,"PL-0074","DAST","Low",2,876.22,5.73,21.59,"Junior","Medium"
364,"PL-0123","Container","Low",1,879.82,5.42,24.09,"Intermediate","Medium"
365,"PL-0100","DAST","Low",1,898.17,6.11,32.08,"Junior","Medium"
366,"PL-0198","SAST","Medium",2,900.54,2.07,41.42,"Intermediate","Small"
367,"PL-0091","SCA","Medium",7,900.82,2.97,56.69,"Junior","Medium"
368,"PL-0212","SAST","High",7,901.98,4.61,63.81,"Junior","Small"
369,"PL-0281","SAST","Low",1,903.9,1.56,22.55,"Junior","Small"
370,"PL-0024","Container","Low",2,905.14,4.9,15.74,"Junior","Large"
371,"PL-0080","Container","Low",1,907.62,3.71,17.78,"Junior","Medium"
372,"PL-0016","SAST","Medium",2,911.98,4.26,36.43,"Intermediate","Medium"
373,"PL-0243","DAST","Medium",5,913.5,6.68,55.08,"Senior","Small"
374,"PL-0003","SAST","Low",1,914.92,2.15,28.13,"Junior","Large"
375,"PL-0224","Container","Medium",6,918.22,5.95,56.57,"Intermediate","Small"
376,"PL-0149","DAST","Medium",5,924.82,5.77,53.1,"Senior","Medium"
377,"PL-0231","IaC","High",6,929.06,6.54,68.62,"Senior","Small"
378,"PL-0195","SCA","High",2,929.71,2.27,63.72,"Junior","Medium"
379,"PL-0010","Container","High",7,931.06,5.87,82.89,"Junior","Small"
380,"PL-0135","SCA","Critical",10,931.68,4.55,100,"Intermediate","Medium"
381,"PL-0147","SAST","Medium",3,935.86,2.92,47.18,"Intermediate","Medium"
382,"PL-0170","DAST","Low",2,937.81,6.03,37.88,"Senior","Large"
383,"PL-0174","Container","Medium",1,940.33,3.38,43.11,"Intermediate","Medium"
384,"PL-0158","SCA","Low",1,944.01,3.24,19.91,"Junior","Medium"
385,"PL-0107","SCA","Low",3,950.24,4.59,25.5,"Intermediate","Small"
386,"PL-0227","DAST","Medium",4,950.49,6.81,57.8,"Intermediate","Small"
387,"PL-0042","DAST","Medium",4,953.59,6.78,66.3,"Senior","Medium"
388,"PL-0243","SAST","High",8,964.68,3.78,87.28,"Intermediate","Small"
389,"PL-0098","SCA","High",9,964.71,4.37,80.08,"Senior","Small"
390,"PL-0213","SAST","Low",4,966.34,1.97,21.75,"Junior","Medium"
391,"PL-0171","SAST","High",10,966.7,5,88.93,"Junior","Large"
392,"PL-0254","SAST","Medium",7,967.28,4.22,48.83,"Intermediate","Small"
393,"PL-0026","SAST","Low",2,970.34,3.79,19.09,"Intermediate","Small"
394,"PL-0097","Container","Low",2,980.23,4.71,23.22,"Intermediate","Small"
395,"PL-0117","SAST","High",2,981.32,2.62,63.85,"Junior","Medium"
396,"PL-0134","SCA","Medium",3,987.65,3.34,58.16,"Junior","Medium"
397,"PL-0279","SAST","Medium",4,987.78,4.12,52.59,"Junior","Small"
398,"PL-0252","IaC","Medium",5,987.87,3.94,44.28,"Junior","Medium"
399,"PL-0173","SAST","Low",1,993,3.57,16.13,"Intermediate","Large"
400,"PL-0239","SCA","Critical",7,1001.96,3.99,98.24,"Intermediate","Small"
401,"PL-0085","DAST","High",4,1004.54,5.23,74.27,"Intermediate","Small"
402,"PL-0033","IaC","Low",1,1004.89,2.17,25.21,"Intermediate","Small"
403,"PL-0104","DAST","Critical",8,1004.96,6.27,100,"Intermediate","Medium"
404,"PL-0173","IaC","High",8,1006.45,4.29,82.57,"Intermediate","Small"
405,"PL-0130","SAST","Low",2,1006.49,4.53,15.17,"Intermediate","Medium"
406,"PL-0256","SCA","Low",3,1006.77,3.44,26.55,"Junior","Large"
407,"PL-0126","SCA","Medium",5,1008.13,2.16,48.3,"Senior","Medium"
408,"PL-0035","Container","High",9,1009.61,5.84,79.32,"Junior","Medium"
409,"PL-0156","Container","High",5,1010.61,5.1,70.34,"Intermediate","Medium"
410,"PL-0045","SAST","Low",5,1013.52,4.97,37.82,"Intermediate","Small"
411,"PL-0144","DAST","Medium",5,1017.13,6.17,48.76,"Junior","Medium"
412,"PL-0237","DAST","Medium",7,1018.39,7.31,67.65,"Senior","Medium"
413,"PL-0136","Container","Medium",3,1020.17,5.75,32.55,"Senior","Small"
414,"PL-0249","SAST","Medium",5,1026.84,3.05,54.32,"Intermediate","Medium"
415,"PL-0253","Container","Low",1,1028.91,6.1,27.17,"Junior","Medium"
416,"PL-0102","SAST","Low",2,1030.41,3.48,26.89,"Intermediate","Small"
417,"PL-0102","Container","Medium",5,1033.95,6.53,53.71,"Intermediate","Medium"
418,"PL-0095","Container","Medium",4,1033.98,5.75,33.98,"Junior","Medium"
419,"PL-0256","SAST","Critical",13,1034.46,5.93,100,"Intermediate","Small"
420,"PL-0233","Container","Medium",3,1037.07,5.58,55.47,"Junior","Medium"
421,"PL-0010","Container","Medium",1,1043.69,4.03,53.44,"Intermediate","Small"
422,"PL-0188","Container","High",4,1045.08,5.96,70.93,"Junior","Small"
423,"PL-0161","DAST","Medium",1,1045.53,6.27,47.74,"Junior","Small"
424,"PL-0214","Container","Critical",7,1046.63,5.03,94.05,"Intermediate","Large"
425,"PL-0271","SAST","Medium",2,1061.58,2.97,46.82,"Intermediate","Medium"
426,"PL-0068","SCA","High",7,1062.85,4.78,77.71,"Intermediate","Small"
427,"PL-0103","DAST","Medium",5,1064.08,6.9,48.85,"Junior","Small"
428,"PL-0138","SCA","Low",2,1064.65,4.47,26.48,"Intermediate","Small"
429,"PL-0200","Container","Low",4,1066.43,5.59,30.85,"Junior","Small"
430,"PL-0223","IaC","Low",1,1067.79,4.93,23.69,"Junior","Large"
431,"PL-0173","Container","Medium",3,1071.98,4.59,46.84,"Intermediate","Small"
432,"PL-0084","SCA","High",9,1078.22,5.41,86.29,"Junior","Small"
433,"PL-0183","SCA","High",11,1079,4.23,83.01,"Intermediate","Small"
434,"PL-0120","SAST","Low",4,1081.94,3.75,37.67,"Junior","Small"
435,"PL-0176","IaC","Medium",5,1087.65,3.6,51.75,"Intermediate","Small"
436,"PL-0008","SAST","High",10,1089.23,4.17,80.68,"Junior","Medium"
437,"PL-0105","Container","Low",3,1091.79,4.9,18.25,"Junior","Small"
438,"PL-0176","SAST","Medium",2,1096.96,3.49,48.36,"Junior","Medium"
439,"PL-0075","SAST","Low",2,1099.6,3.6,25.56,"Senior","Medium"
440,"PL-0141","SAST","High",5,1111.16,3.82,81.53,"Junior","Large"
441,"PL-0103","Container","High",7,1116.19,6.18,81.01,"Junior","Small"
442,"PL-0018","SAST","Medium",3,1119.35,5.15,43.19,"Senior","Medium"
443,"PL-0133","SCA","Medium",5,1120.33,2.58,53.94,"Intermediate","Small"
444,"PL-0031","SAST","Medium",3,1120.37,4.31,54.64,"Junior","Medium"
445,"PL-0020","SAST","Medium",3,1121.8,3.83,53.34,"Junior","Medium"
446,"PL-0210","DAST","High",5,1122.83,6.55,80.47,"Intermediate","Small"
447,"PL-0103","SAST","Critical",6,1123.89,3.58,100,"Intermediate","Medium"
448,"PL-0241","DAST","High",5,1126.07,4.86,71.3,"Senior","Medium"
449,"PL-0195","Container","Critical",6,1128.54,6.05,100,"Junior","Small"
450,"PL-0240","SCA","Medium",2,1129.12,2.53,44.26,"Senior","Small"
451,"PL-0264","SCA","High",4,1132.61,3.93,97.06,"Intermediate","Medium"
452,"PL-0275","SAST","Low",1,1133.78,2.16,13.02,"Junior","Medium"
453,"PL-0114","DAST","Low",2,1135.31,6.32,18.71,"Intermediate","Medium"
454,"PL-0266","SAST","Medium",3,1137.94,3.71,53.52,"Junior","Small"
455,"PL-0207","SAST","Medium",7,1139.18,6.47,54.84,"Junior","Small"
456,"PL-0268","Container","Medium",4,1142.2,4.71,46.31,"Intermediate","Small"
457,"PL-0163","SCA","Low",2,1144.84,4.3,29.98,"Junior","Small"
458,"PL-0180","Container","Low",3,1146.78,6.09,32.42,"Junior","Medium"
459,"PL-0112","SCA","Medium",3,1150.68,2.77,61.96,"Junior","Large"
460,"PL-0032","Container","High",8,1151.24,5.86,77.5,"Senior","Small"
461,"PL-0189","Container","Medium",5,1152.19,5.08,36.48,"Senior","Small"
462,"PL-0054","Container","High",4,1153.87,5.49,82.06,"Intermediate","Medium"
463,"PL-0129","SCA","High",5,1155.56,3.68,80.74,"Intermediate","Small"
464,"PL-0007","DAST","Medium",4,1156.3,5.31,58.26,"Intermediate","Large"
465,"PL-0203","DAST","Low",4,1158.66,6.52,29.45,"Intermediate","Small"
466,"PL-0011","Container","Medium",9,1163.41,7.14,51.88,"Intermediate","Small"
467,"PL-0077","Container","Medium",3,1164.01,6.38,45.74,"Senior","Large"
468,"PL-0101","DAST","Medium",3,1167.55,5.07,52.46,"Intermediate","Medium"
469,"PL-0226","IaC","Medium",5,1172.64,3.9,61.57,"Intermediate","Small"
470,"PL-0143","Container","Low",3,1175.32,4.8,30.61,"Junior","Medium"
471,"PL-0037","IaC","Low",1,1175.84,3.4,16.85,"Intermediate","Small"
472,"PL-0256","IaC","High",4,1179.25,3.9,73.63,"Intermediate","Large"
473,"PL-0177","DAST","Critical",5,1180.63,5.58,100,"Junior","Medium"
474,"PL-0210","SAST","Medium",6,1183.33,4.35,47.97,"Junior","Small"
475,"PL-0118","SAST","High",3,1185.37,4.79,61.24,"Intermediate","Small"
476,"PL-0273","IaC","Low",3,1194.72,3.52,27.41,"Intermediate","Small"
477,"PL-0039","SCA","Medium",4,1198.86,3.09,47.4,"Intermediate","Small"
478,"PL-0204","SCA","Low",1,1206.98,3.41,22.59,"Senior","Small"
479,"PL-0222","SCA","High",4,1207.91,3.56,70.29,"Junior","Small"
480,"PL-0163","SCA","High",9,1210.2,4.5,83.07,"Intermediate","Small"
481,"PL-0148","IaC","Low",2,1212.7,4.06,13.53,"Junior","Medium"
482,"PL-0008","Container","High",9,1215.35,5.9,78.84,"Senior","Small"
483,"PL-0276","IaC","Medium",4,1215.61,3.52,44.55,"Senior","Small"
484,"PL-0156","SCA","Critical",10,1216.64,3.43,100,"Intermediate","Large"
485,"PL-0097","SCA","Medium",7,1217.22,3.05,66.82,"Senior","Medium"
486,"PL-0184","SAST","Low",1,1218.67,4.32,13.36,"Junior","Medium"
487,"PL-0046","SCA","Low",2,1220.54,2.89,20.9,"Intermediate","Medium"
488,"PL-0248","SCA","Low",2,1220.85,3.07,14.64,"Intermediate","Medium"
489,"PL-0184","SAST","Critical",6,1221.28,4.05,100,"Junior","Small"
490,"PL-0098","Container","High",10,1225.14,5.88,87,"Intermediate","Medium"
491,"PL-0069","DAST","Medium",8,1228.02,7.26,56.79,"Intermediate","Small"
492,"PL-0268","SAST","Critical",7,1229.35,4.3,100,"Intermediate","Large"
493,"PL-0259","DAST","Medium",6,1229.97,5.69,49.42,"Junior","Small"
494,"PL-0018","DAST","High",4,1230.43,5.41,76.23,"Junior","Small"
495,"PL-0242","IaC","High",6,1231.69,4.39,78.14,"Senior","Small"
496,"PL-0178","SAST","Low",2,1237.6,2.45,18.85,"Junior","Small"
497,"PL-0115","SAST","High",4,1239.9,4.33,67.07,"Junior","Small"
498,"PL-0030","IaC","Medium",1,1241.41,2.21,44.15,"Senior","Medium"
499,"PL-0148","Container","High",5,1243.2,5.17,87.79,"Intermediate","Medium"
500,"PL-0162","Container","Medium",2,1244.56,4.06,56.72,"Junior","Large"
501,"PL-0277","SCA","Medium",8,1253.68,5.45,66.04,"Junior","Small"
502,"PL-0180","SAST","Low",2,1256.51,4.33,32.91,"Senior","Medium"
503,"PL-0083","DAST","Low",1,1260.33,5.87,12.72,"Intermediate","Large"
504,"PL-0125","Container","Critical",10,1265.4,7.01,99.83,"Senior","Small"
505,"PL-0235","IaC","Low",2,1267.87,4.54,20.08,"Intermediate","Large"
506,"PL-0082","Container","Medium",4,1268.67,4.14,54.32,"Junior","Medium"
507,"PL-0040","SAST","High",7,1269.82,3.9,73.6,"Senior","Small"
508,"PL-0280","DAST","Critical",10,1272.56,7.61,100,"Senior","Small"
509,"PL-0157","Container","High",7,1273.46,5.47,65.9,"Senior","Small"
510,"PL-0278","SCA","High",3,1275.87,3.58,72.63,"Intermediate","Small"
511,"PL-0215","SAST","Medium",4,1279.43,4.44,42.64,"Senior","Medium"
512,"PL-0236","SAST","Low",4,1281.23,4.14,19.76,"Intermediate","Medium"
513,"PL-0148","DAST","High",5,1285.25,7.72,70.48,"Intermediate","Medium"
514,"PL-0179","SAST","Medium",6,1285.9,4.41,58.31,"Intermediate","Large"
515,"PL-0295","SAST","Low",3,1291.12,3.85,17.59,"Junior","Medium"
516,"PL-0009","SAST","High",7,1291.86,5.04,85.34,"Intermediate","Small"
517,"PL-0190","IaC","Medium",3,1293.6,3.74,48.12,"Intermediate","Medium"
518,"PL-0019","Container","Medium",3,1295.5,3.94,52.59,"Intermediate","Small"
519,"PL-0021","IaC","High",7,1299.2,4.24,76.19,"Intermediate","Medium"
520,"PL-0177","SCA","Medium",6,1304.4,2.73,52.28,"Junior","Medium"
521,"PL-0115","DAST","Medium",4,1315.04,6.26,48.23,"Junior","Medium"
522,"PL-0092","SAST","Low",1,1315.48,3.2,19.98,"Senior","Small"
523,"PL-0185","SCA","Low",3,1315.74,1.6,24.26,"Junior","Small"
524,"PL-0155","SAST","Critical",5,1315.86,3.85,100,"Intermediate","Medium"
525,"PL-0154","DAST","Medium",2,1317.05,5.69,41.95,"Junior","Medium"
526,"PL-0057","Container","Medium",1,1319.99,5.98,42.28,"Senior","Small"
527,"PL-0213","SAST","Medium",3,1320.94,4.4,40.94,"Intermediate","Large"
528,"PL-0232","SAST","Medium",4,1325.03,4.64,53.51,"Intermediate","Small"
529,"PL-0291","SAST","Medium",6,1325.78,4.74,55.78,"Junior","Small"
530,"PL-0186","SCA","Medium",1,1327.98,0.93,42.5,"Intermediate","Large"
531,"PL-0013","Container","Low",4,1333.81,5.61,23,"Intermediate","Medium"
532,"PL-0098","SAST","Medium",4,1334.76,4.73,47.28,"Intermediate","Medium"
533,"PL-0228","SAST","Medium",4,1338.19,2.96,47.17,"Intermediate","Small"
534,"PL-0297","SAST","Low",2,1339.24,3.24,43.59,"Junior","Small"
535,"PL-0110","SAST","Medium",3,1344.51,2.89,34.01,"Intermediate","Small"
536,"PL-0027","DAST","Low",3,1349.98,6.23,25.7,"Intermediate","Small"
537,"PL-0256","SCA","Medium",5,1351.74,3.51,58.11,"Senior","Small"
538,"PL-0065","SAST","Low",3,1352.31,4.78,18.92,"Junior","Medium"
539,"PL-0078","IaC","Critical",9,1357.58,4.41,100,"Senior","Small"
540,"PL-0244","Container","Low",3,1358.82,5.77,21.83,"Senior","Large"
541,"PL-0058","DAST","Low",4,1362.35,5.71,35.72,"Intermediate","Small"
542,"PL-0245","SCA","Medium",2,1362.93,3.32,50.07,"Senior","Small"
543,"PL-0028","DAST","High",12,1364.35,6.26,94.97,"Junior","Large"
544,"PL-0288","SAST","High",8,1364.68,3.65,79.21,"Intermediate","Small"
545,"PL-0158","SAST","Medium",4,1367.01,3.7,54.81,"Junior","Small"
546,"PL-0165","Container","Low",2,1369.08,5.39,23.91,"Senior","Small"
547,"PL-0245","IaC","Medium",7,1373.5,5.13,63.02,"Junior","Small"
548,"PL-0152","Container","Medium",1,1379.86,4.31,53.61,"Intermediate","Small"
549,"PL-0172","SCA","Medium",5,1384.71,3.09,45.14,"Junior","Small"
550,"PL-0034","IaC","Medium",4,1384.72,3.37,57.47,"Intermediate","Small"
551,"PL-0125","IaC","High",8,1385.72,5.22,84.72,"Intermediate","Medium"
552,"PL-0284","Container","Medium",1,1387.75,5.47,40.96,"Intermediate","Medium"
553,"PL-0018","SAST","Medium",5,1390.35,3.83,53.74,"Intermediate","Large"
554,"PL-0150","SCA","Critical",5,1390.89,3.32,93.42,"Intermediate","Medium"
555,"PL-0154","SCA","Medium",3,1395.11,4.06,55.77,"Intermediate","Medium"
556,"PL-0049","IaC","Medium",3,1395.74,3.96,63.2,"Junior","Medium"
557,"PL-0212","SCA","Low",2,1397.13,4.6,28.26,"Intermediate","Medium"
558,"PL-0030","SAST","High",4,1397.26,3.71,67.23,"Junior","Large"
559,"PL-0072","DAST","Medium",3,1400.37,5.75,41.87,"Junior","Small"
560,"PL-0058","SAST","Critical",11,1401.74,4.76,100,"Intermediate","Medium"
561,"PL-0166","SCA","Medium",5,1402.04,3.35,56.45,"Junior","Large"
562,"PL-0099","SCA","Low",2,1404.14,4.46,19.23,"Senior","Medium"
563,"PL-0175","Container","Medium",2,1407.9,4.9,51.5,"Junior","Large"
564,"PL-0004","SCA","High",4,1408.56,2.09,69.74,"Senior","Small"
565,"PL-0041","SAST","Medium",7,1408.77,3.65,47.36,"Junior","Medium"
566,"PL-0198","DAST","Low",1,1409.89,6.92,14.45,"Intermediate","Medium"
567,"PL-0276","SCA","Low",4,1410.44,2.78,34.26,"Junior","Medium"
568,"PL-0137","Container","Critical",6,1410.57,4.92,100,"Intermediate","Medium"
569,"PL-0092","SCA","Medium",7,1410.8,4.27,35.91,"Senior","Small"
570,"PL-0152","SCA","High",6,1415.16,3.29,78.24,"Junior","Small"
571,"PL-0150","Container","High",7,1416.17,7.08,85.72,"Intermediate","Medium"
572,"PL-0267","SAST","Medium",5,1416.61,4.09,48.06,"Senior","Small"
573,"PL-0210","SAST","Medium",3,1418.41,4.9,45.45,"Junior","Small"
574,"PL-0147","DAST","Critical",7,1419.06,6.43,90.32,"Junior","Medium"
575,"PL-0296","SAST","Critical",7,1419.31,3.55,100,"Senior","Medium"
576,"PL-0242","DAST","Critical",7,1421.32,6.89,100,"Junior","Large"
577,"PL-0225","Container","Low",1,1425,3.37,21.45,"Junior","Medium"
578,"PL-0166","SAST","Medium",5,1425.57,3.98,57.79,"Junior","Large"
579,"PL-0034","Container","Medium",2,1426.22,3.14,44.57,"Intermediate","Medium"
580,"PL-0238","DAST","Low",1,1433.68,6.2,26.93,"Junior","Small"
581,"PL-0229","SAST","Low",1,1435.56,4.97,11.07,"Intermediate","Medium"
582,"PL-0001","Container","High",5,1436.27,5.52,85.04,"Junior","Medium"
583,"PL-0057","SAST","Medium",7,1440.54,4.9,48.04,"Senior","Medium"
584,"PL-0196","DAST","Low",2,1444.53,5.85,22.4,"Senior","Small"
585,"PL-0071","SCA","Medium",3,1450.83,4.42,49.51,"Junior","Small"
586,"PL-0142","Container","Low",1,1454.35,3.73,27.12,"Intermediate","Medium"
587,"PL-0010","SCA","Low",3,1455.15,1.29,28.33,"Senior","Small"
588,"PL-0069","SAST","High",4,1455.62,4.45,84.42,"Intermediate","Small"
589,"PL-0166","DAST","High",2,1456.16,6.51,77.39,"Intermediate","Small"
590,"PL-0133","DAST","Low",1,1458.03,4.63,18.58,"Junior","Small"
591,"PL-0277","Container","Medium",7,1466.16,5.94,53.82,"Intermediate","Small"
592,"PL-0063","SAST","Medium",2,1471.23,3.84,47.93,"Senior","Medium"
593,"PL-0242","IaC","Low",1,1473.32,2.5,24.51,"Senior","Small"
594,"PL-0035","DAST","Medium",4,1473.53,5.96,47.39,"Junior","Medium"
595,"PL-0259","Container","Medium",8,1479.61,5.37,54.28,"Intermediate","Small"
596,"PL-0201","IaC","Low",1,1481.69,3.15,15.76,"Junior","Small"
597,"PL-0091","IaC","Medium",1,1482.25,3.43,35.75,"Senior","Small"
598,"PL-0285","SAST","High",7,1483.41,4.07,91.89,"Intermediate","Medium"
599,"PL-0219","SAST","Low",1,1483.55,3.92,25.86,"Intermediate","Small"
600,"PL-0298","IaC","High",5,1484.36,4.5,75.74,"Senior","Large"
601,"PL-0017","SAST","Medium",3,1484.9,4.37,53.41,"Intermediate","Small"
602,"PL-0020","IaC","Medium",6,1488.43,4.31,63.03,"Intermediate","Medium"
603,"PL-0076","SAST","Medium",2,1490.05,4.87,39.97,"Intermediate","Medium"
604,"PL-0088","SCA","Medium",5,1490.13,2.38,58.65,"Intermediate","Large"
605,"PL-0158","SAST","Medium",7,1490.67,4.86,47,"Junior","Medium"
606,"PL-0214","SCA","High",5,1490.92,4.76,81.09,"Senior","Medium"
607,"PL-0179","Container","High",7,1492.56,5.8,82.63,"Intermediate","Small"
608,"PL-0112","SAST","Medium",3,1493.22,3.57,49.24,"Senior","Large"
609,"PL-0161","SAST","Low",2,1495.36,3.62,13.55,"Senior","Medium"
610,"PL-0106","SCA","High",7,1497.99,3.07,78.25,"Intermediate","Medium"
611,"PL-0135","DAST","Low",1,1498.05,4.43,24.75,"Intermediate","Medium"
612,"PL-0025","DAST","High",8,1498.64,5.79,96.17,"Intermediate","Medium"
613,"PL-0024","Container","High",6,1499.22,7.09,70.97,"Intermediate","Small"
614,"PL-0255","SAST","High",7,1501.14,5.72,68.78,"Senior","Small"
615,"PL-0292","Container","Medium",4,1501.43,5.51,43.37,"Junior","Small"
616,"PL-0264","SCA","Low",2,1501.75,1.08,20.5,"Senior","Medium"
617,"PL-0206","Container","Medium",5,1505.25,4.48,48.12,"Senior","Medium"
618,"PL-0145","SCA","High",2,1505.26,1.56,62.98,"Senior","Large"
619,"PL-0186","IaC","Low",3,1510.89,1.92,10.76,"Junior","Large"
620,"PL-0241","SCA","Medium",4,1512.28,3.39,63.26,"Intermediate","Medium"
621,"PL-0145","Container","Low",2,1515.93,4.12,22.75,"Senior","Small"
622,"PL-0080","Container","Medium",1,1518.35,3.06,41.22,"Intermediate","Small"
623,"PL-0180","Container","Low",3,1528.16,5.43,20.05,"Senior","Medium"
624,"PL-0025","IaC","Low",2,1530.63,3.9,36.1,"Senior","Small"
625,"PL-0195","SAST","Medium",7,1530.93,3.84,64.58,"Senior","Medium"
626,"PL-0142","SCA","Low",1,1531.2,4.44,16.44,"Junior","Medium"
627,"PL-0056","DAST","Low",3,1532.47,5.87,34.85,"Intermediate","Medium"
628,"PL-0172","SAST","Critical",8,1540.96,4.38,100,"Senior","Small"
629,"PL-0183","SCA","Low",4,1544.87,3.23,29.1,"Junior","Large"
630,"PL-0238","DAST","Medium",2,1548.56,5.52,49.84,"Intermediate","Large"
631,"PL-0067","SAST","High",8,1549.61,4.7,63.96,"Intermediate","Medium"
632,"PL-0164","Container","Medium",4,1551.32,3.96,50.74,"Senior","Medium"
633,"PL-0291","Container","High",8,1553.18,6.04,73.41,"Intermediate","Small"
634,"PL-0039","Container","Low",4,1554.65,5.47,22.28,"Intermediate","Medium"
635,"PL-0188","Container","Medium",3,1555.17,6.66,53.38,"Junior","Small"
636,"PL-0248","DAST","Critical",14,1559,6.81,98.72,"Intermediate","Small"
637,"PL-0293","DAST","Critical",9,1559.14,7.21,100,"Junior","Medium"
638,"PL-0285","SAST","Low",1,1561.92,3.64,14.69,"Junior","Large"
639,"PL-0300","DAST","High",7,1565.04,6.29,71.77,"Senior","Small"
640,"PL-0300","DAST","Medium",1,1566.28,6.01,42.83,"Intermediate","Small"
641,"PL-0012","DAST","Low",1,1567.58,6.96,30.53,"Intermediate","Medium"
642,"PL-0111","Container","Medium",1,1572.32,3.89,52.09,"Junior","Medium"
643,"PL-0137","IaC","Low",5,1572.63,4.57,17.83,"Intermediate","Small"
644,"PL-0088","DAST","Critical",5,1576.08,5.94,100,"Intermediate","Small"
645,"PL-0195","IaC","High",5,1576.49,2.91,70.26,"Intermediate","Small"
646,"PL-0131","SAST","Critical",14,1577.86,5.29,100,"Junior","Medium"
647,"PL-0154","Container","Medium",1,1582.85,4.46,46.99,"Senior","Medium"
648,"PL-0256","SAST","High",8,1586.56,4.09,84.18,"Intermediate","Medium"
649,"PL-0237","SCA","Medium",5,1587.33,3.97,52.76,"Junior","Medium"
650,"PL-0224","SCA","Critical",8,1588.16,4.61,100,"Intermediate","Small"
651,"PL-0079","SAST","Medium",6,1590.58,4.29,55.06,"Senior","Large"
652,"PL-0091","SAST","High",8,1592.24,5.33,86.99,"Junior","Medium"
653,"PL-0045","DAST","Low",2,1599.04,7.3,24.43,"Junior","Small"
654,"PL-0147","IaC","Medium",9,1599.93,4.9,67.5,"Senior","Small"
655,"PL-0066","SAST","High",6,1600.93,4.78,78.58,"Junior","Medium"
656,"PL-0165","SCA","High",7,1602.92,4.15,74.52,"Intermediate","Small"
657,"PL-0105","SCA","High",9,1603.75,4.08,80.69,"Junior","Large"
658,"PL-0253","SCA","High",11,1605.79,4.57,85.53,"Intermediate","Medium"
659,"PL-0178","DAST","Medium",4,1609.62,5.78,41.15,"Junior","Medium"
660,"PL-0033","DAST","Medium",2,1610.48,4.75,36.8,"Senior","Medium"
661,"PL-0082","SCA","Low",1,1621.53,2.01,15.66,"Intermediate","Medium"
662,"PL-0062","DAST","High",3,1624.88,4.56,78.71,"Intermediate","Small"
663,"PL-0101","Container","Medium",4,1625.96,4.74,65.5,"Intermediate","Medium"
664,"PL-0099","DAST","Medium",6,1627.83,6.69,52.33,"Junior","Small"
665,"PL-0298","IaC","High",9,1631.84,4.47,74.62,"Junior","Small"
666,"PL-0056","IaC","Low",3,1632.13,3.71,20.14,"Intermediate","Small"
667,"PL-0153","IaC","Medium",4,1637.62,3.75,49.02,"Intermediate","Medium"
668,"PL-0167","Container","Medium",6,1638.12,4.66,62.49,"Junior","Medium"
669,"PL-0014","IaC","High",7,1638.83,5.03,78.25,"Senior","Small"
670,"PL-0061","IaC","Low",3,1640.98,4.22,19.72,"Senior","Small"
671,"PL-0074","IaC","High",13,1641.42,4.96,87.11,"Intermediate","Medium"
672,"PL-0074","Container","Low",1,1641.62,4.82,21.58,"Junior","Large"
673,"PL-0169","SAST","High",5,1644.91,4.89,99.2,"Junior","Small"
674,"PL-0167","SAST","Medium",6,1645.17,4.98,65.24,"Senior","Medium"
675,"PL-0070","SCA","High",4,1645.61,0.9,79.9,"Intermediate","Small"
676,"PL-0264","SAST","High",11,1646.27,6.18,97.87,"Junior","Medium"
677,"PL-0159","IaC","Low",4,1652.06,4.04,17.3,"Intermediate","Medium"
678,"PL-0090","DAST","Critical",12,1658.52,6.79,98.92,"Senior","Small"
679,"PL-0190","DAST","High",3,1664.21,5.3,82.48,"Senior","Small"
680,"PL-0280","SAST","Critical",4,1670.06,4.52,98.4,"Intermediate","Small"
681,"PL-0293","DAST","High",10,1678.04,8.51,93.78,"Junior","Small"
682,"PL-0084","Container","Critical",9,1684.82,6.99,100,"Intermediate","Medium"
683,"PL-0011","IaC","Critical",6,1685.88,3.75,87.26,"Intermediate","Medium"
684,"PL-0241","IaC","High",6,1691.74,3.51,73.52,"Junior","Medium"
685,"PL-0172","DAST","Low",2,1695.25,5,35.6,"Junior","Medium"
686,"PL-0132","Container","Medium",4,1696.25,6.07,39.88,"Junior","Small"
687,"PL-0159","IaC","Critical",15,1702.66,4.98,100,"Junior","Small"
688,"PL-0180","SCA","Low",2,1704.77,3.4,24.51,"Senior","Medium"
689,"PL-0035","SAST","Low",1,1707.07,3.87,19.66,"Junior","Medium"
690,"PL-0189","SAST","High",3,1708.07,2.79,78.36,"Senior","Medium"
691,"PL-0065","SCA","Medium",3,1726.65,3.45,59.63,"Intermediate","Medium"
692,"PL-0261","SAST","Critical",9,1731.93,4.28,100,"Intermediate","Medium"
693,"PL-0017","SCA","High",2,1731.97,2.61,73.15,"Intermediate","Small"
694,"PL-0043","SCA","Medium",7,1738.65,4.54,53,"Intermediate","Medium"
695,"PL-0033","SCA","Medium",1,1744.62,2.09,37.03,"Junior","Medium"
696,"PL-0082","DAST","High",10,1746,8.43,85.33,"Intermediate","Medium"
697,"PL-0067","SCA","High",3,1750.48,2.76,76.88,"Junior","Small"
698,"PL-0069","Container","Critical",9,1754.75,6.09,100,"Junior","Small"
699,"PL-0295","IaC","High",7,1763.31,4.32,79.18,"Intermediate","Medium"
700,"PL-0208","Container","Medium",2,1763.67,5.04,37.48,"Intermediate","Large"
701,"PL-0269","SAST","Low",1,1764.39,2.96,21.79,"Intermediate","Small"
702,"PL-0289","Container","Medium",3,1766.55,5.7,66.94,"Senior","Medium"
703,"PL-0255","Container","Low",2,1767.27,6.68,27.03,"Junior","Medium"
704,"PL-0243","SCA","High",4,1767.98,3.42,66.66,"Junior","Medium"
705,"PL-0178","IaC","Low",2,1770.17,2.69,25.53,"Junior","Medium"
706,"PL-0138","Container","High",7,1770.34,5.85,85.48,"Junior","Small"
707,"PL-0078","SAST","Critical",7,1771.76,4.36,100,"Intermediate","Small"
708,"PL-0106","Container","Medium",3,1773.23,6.19,42.52,"Junior","Small"
709,"PL-0247","DAST","Medium",5,1780.14,5.52,49.98,"Junior","Small"
710,"PL-0098","Container","High",14,1780.32,6.67,97.54,"Junior","Small"
711,"PL-0208","SAST","High",7,1786.73,5.37,76.84,"Junior","Small"
712,"PL-0124","IaC","Critical",7,1786.88,4.43,87.89,"Intermediate","Small"
713,"PL-0081","IaC","High",6,1803.81,5.05,79.17,"Junior","Large"
714,"PL-0002","SAST","Medium",4,1805.57,2.76,52.73,"Intermediate","Small"
715,"PL-0207","DAST","Medium",4,1808.09,5.52,43.63,"Junior","Small"
716,"PL-0091","IaC","Critical",7,1808.46,3.69,93.85,"Intermediate","Medium"
717,"PL-0296","Container","Critical",5,1811.33,5.46,97.98,"Intermediate","Small"
718,"PL-0162","DAST","Low",1,1813.08,4.64,22.78,"Junior","Medium"
719,"PL-0177","SCA","Medium",8,1821.78,3.55,58.13,"Junior","Small"
720,"PL-0293","SAST","Medium",6,1827.73,2.91,45.35,"Intermediate","Large"
721,"PL-0022","SAST","High",7,1831.63,5.05,73.56,"Senior","Large"
722,"PL-0225","SCA","Medium",3,1832.96,2.91,48.25,"Intermediate","Small"
723,"PL-0259","SAST","High",6,1833.58,4.59,82.31,"Junior","Large"
724,"PL-0078","SAST","High",6,1836.7,4.31,85.68,"Senior","Large"
725,"PL-0230","SAST","High",5,1841.75,4.73,74.36,"Intermediate","Medium"
726,"PL-0272","SAST","High",5,1843.57,4.58,87.28,"Intermediate","Small"
727,"PL-0074","IaC","High",4,1845.37,2.35,74.43,"Intermediate","Medium"
728,"PL-0027","SAST","Low",1,1847.54,2.63,25.85,"Intermediate","Small"
729,"PL-0246","SCA","High",9,1850.56,3.41,82.27,"Intermediate","Small"
730,"PL-0265","SCA","High",7,1851.82,2.38,92.59,"Senior","Small"
731,"PL-0099","SCA","High",6,1853.39,1.99,90.46,"Senior","Small"
732,"PL-0226","SCA","Low",2,1853.88,3.89,23.52,"Intermediate","Large"
733,"PL-0166","SAST","Medium",2,1854.28,3.72,59.03,"Intermediate","Large"
734,"PL-0176","SCA","Critical",6,1856.32,3.58,88.82,"Intermediate","Small"
735,"PL-0158","SCA","Medium",6,1859.7,3.46,72.39,"Senior","Large"
736,"PL-0217","SAST","Low",4,1865.04,3.25,2.91,"Junior","Large"
737,"PL-0094","SAST","Low",3,1867.4,4.37,32.05,"Senior","Large"
738,"PL-0201","Container","Low",1,1868.41,5.19,17.73,"Junior","Medium"
739,"PL-0293","DAST","Critical",7,1869.54,6.49,100,"Intermediate","Small"
740,"PL-0209","DAST","High",2,1876,6.12,77.8,"Junior","Medium"
741,"PL-0236","DAST","Medium",2,1881.97,6.68,44.66,"Junior","Medium"
742,"PL-0276","DAST","High",4,1887.14,4.89,86.54,"Senior","Small"
743,"PL-0098","IaC","High",4,1889.99,4.36,81.95,"Intermediate","Large"
744,"PL-0067","DAST","Low",1,1893.26,6.43,11.36,"Senior","Medium"
745,"PL-0254","SCA","Low",3,1898.39,3.13,29.51,"Junior","Medium"
746,"PL-0273","Container","Low",3,1898.5,5.06,21.86,"Senior","Small"
747,"PL-0253","DAST","High",6,1898.5,6.82,85.95,"Intermediate","Small"
748,"PL-0203","IaC","High",6,1899.57,3.04,75.4,"Intermediate","Small"
749,"PL-0008","SAST","Critical",5,1899.88,4.45,99.19,"Senior","Small"
750,"PL-0167","SAST","High",5,1900.29,4.34,75.78,"Intermediate","Small"
751,"PL-0053","DAST","Medium",4,1902.52,6.44,42.31,"Intermediate","Large"
752,"PL-0246","SAST","Critical",8,1902.62,4.71,100,"Intermediate","Medium"
753,"PL-0151","Container","Medium",5,1903.31,5.56,47.49,"Intermediate","Large"
754,"PL-0120","Container","Critical",5,1911.35,5.29,100,"Intermediate","Small"
755,"PL-0019","DAST","Low",2,1911.94,6.25,28.15,"Intermediate","Medium"
756,"PL-0232","Container","Medium",4,1914.33,4.75,41.43,"Junior","Small"
757,"PL-0244","DAST","Medium",7,1915.24,7.26,46.04,"Intermediate","Small"
758,"PL-0266","SAST","Critical",8,1918.29,3.87,100,"Junior","Medium"
759,"PL-0077","SAST","Critical",14,1919.71,5.81,100,"Senior","Medium"
760,"PL-0108","Container","High",6,1920.84,5.77,75.65,"Intermediate","Medium"
761,"PL-0102","Container","Medium",6,1922.74,7.69,48.82,"Intermediate","Medium"
762,"PL-0118","Container","Medium",4,1925.81,5.4,53.83,"Intermediate","Medium"
763,"PL-0295","IaC","High",2,1928.1,2.46,77.25,"Intermediate","Small"
764,"PL-0188","Container","Critical",5,1929.11,5.04,87.56,"Senior","Medium"
765,"PL-0167","SCA","Low",4,1929.22,2.79,24.7,"Intermediate","Medium"
766,"PL-0165","DAST","High",8,1929.47,7.36,84.33,"Junior","Large"
767,"PL-0193","DAST","Medium",2,1929.76,4.72,61.45,"Intermediate","Large"
768,"PL-0179","DAST","Low",1,1933.31,5.17,26.61,"Senior","Medium"
769,"PL-0184","Container","Low",1,1937.16,5.73,16.75,"Junior","Small"
770,"PL-0107","SAST","Critical",15,1939.56,5.41,100,"Junior","Small"
771,"PL-0106","SCA","Medium",5,1940.48,3.74,56.54,"Junior","Medium"
772,"PL-0166","IaC","Low",5,1944.17,4.28,26.98,"Intermediate","Large"
773,"PL-0053","DAST","Medium",4,1945.16,6.09,55.82,"Intermediate","Small"
774,"PL-0292","Container","Medium",5,1947.59,5.92,53.82,"Intermediate","Medium"
775,"PL-0061","DAST","Critical",8,1949.4,6.46,100,"Intermediate","Medium"
776,"PL-0268","SCA","High",3,1957.09,4.1,67.11,"Junior","Small"
777,"PL-0262","SCA","Low",1,1959.2,4.32,23.75,"Intermediate","Medium"
778,"PL-0209","SAST","Medium",5,1960.63,3.28,54.76,"Intermediate","Large"
779,"PL-0059","Container","Medium",5,1960.89,6.89,50.76,"Intermediate","Small"
780,"PL-0107","DAST","Medium",1,1963.1,4.37,49.47,"Junior","Small"
781,"PL-0056","DAST","Medium",5,1964.52,6.6,57.39,"Senior","Medium"
782,"PL-0057","Container","Low",1,1966.33,6.66,34.62,"Junior","Medium"
783,"PL-0126","SAST","Medium",2,1968.93,3.6,44.15,"Junior","Small"
784,"PL-0184","DAST","Medium",6,1979.79,6.19,61.71,"Junior","Large"
785,"PL-0229","IaC","Critical",4,1982.48,4.67,92.51,"Junior","Medium"
786,"PL-0003","SCA","Low",3,1983.31,2.26,32.12,"Intermediate","Medium"
787,"PL-0253","SAST","Critical",4,1985.27,3.65,97.89,"Junior","Medium"
788,"PL-0121","SCA","Low",2,1990.06,2.92,29.34,"Intermediate","Medium"
789,"PL-0084","IaC","Medium",4,1993.57,4.01,39.86,"Intermediate","Medium"
790,"PL-0223","IaC","High",5,1996.22,2.6,87.86,"Junior","Small"
791,"PL-0014","Container","Medium",5,1999.39,5.26,60.67,"Junior","Small"
792,"PL-0098","SAST","Medium",4,2002.87,4.73,40,"Junior","Small"
793,"PL-0263","SCA","Critical",11,2004.49,4.58,100,"Intermediate","Medium"
794,"PL-0175","Container","Medium",1,2004.81,4.69,59.69,"Junior","Small"
795,"PL-0038","IaC","Low",4,2006.96,3.95,23.4,"Intermediate","Small"
796,"PL-0108","Container","High",5,2007.09,4.79,75.91,"Junior","Small"
797,"PL-0244","Container","Medium",4,2009.71,5.28,44.26,"Senior","Medium"
798,"PL-0171","Container","Medium",8,2011.21,4.99,54.98,"Intermediate","Large"
799,"PL-0049","IaC","High",5,2014.87,5.16,72.96,"Intermediate","Large"
800,"PL-0281","DAST","Low",1,2015.13,5.91,14.24,"Intermediate","Small"
801,"PL-0074","SCA","Critical",9,2016.35,4.31,100,"Intermediate","Large"
802,"PL-0147","SCA","Low",5,2017.74,1.92,33.66,"Junior","Small"
803,"PL-0170","SCA","Low",2,2020.6,2.13,16.18,"Intermediate","Medium"
804,"PL-0201","DAST","High",7,2025.15,6.58,81.65,"Senior","Small"
805,"PL-0091","SCA","Medium",4,2025.73,3.05,58.82,"Junior","Large"
806,"PL-0072","SAST","Medium",3,2026.2,4.56,58.99,"Intermediate","Large"
807,"PL-0016","SAST","High",7,2029.16,5.38,74.78,"Intermediate","Small"
808,"PL-0072","SAST","Medium",9,2031.12,3.96,64.83,"Intermediate","Medium"
809,"PL-0151","Container","Low",1,2032.19,4.79,18.55,"Intermediate","Small"
810,"PL-0213","SCA","Medium",4,2033.27,4.87,62.82,"Junior","Small"
811,"PL-0060","SCA","Low",8,2040.06,4.55,25.07,"Senior","Small"
812,"PL-0208","Container","High",11,2051.37,7.24,95.74,"Junior","Small"
813,"PL-0095","SAST","Low",1,2056.97,3,13.82,"Senior","Medium"
814,"PL-0171","Container","Critical",8,2057.55,6.8,96.23,"Senior","Medium"
815,"PL-0185","DAST","Medium",7,2061.59,5.21,54.61,"Senior","Small"
816,"PL-0155","DAST","Medium",5,2063.42,6.01,54.21,"Senior","Small"
817,"PL-0074","Container","Low",6,2069.23,5.22,40.19,"Intermediate","Medium"
818,"PL-0146","SAST","Medium",3,2072.68,5.1,41.45,"Junior","Medium"
819,"PL-0016","Container","Critical",8,2075.7,5.72,86.24,"Senior","Small"
820,"PL-0200","Container","High",4,2076.15,5.09,66.3,"Intermediate","Small"
821,"PL-0085","SCA","Medium",6,2076.87,3.12,54.54,"Intermediate","Medium"
822,"PL-0101","Container","Medium",1,2081.84,5.03,49.67,"Intermediate","Small"
823,"PL-0151","SCA","Medium",3,2084.75,3.66,40.07,"Intermediate","Small"
824,"PL-0250","IaC","Medium",3,2086.82,2.4,53.88,"Intermediate","Medium"
825,"PL-0002","SAST","Critical",11,2090.36,5.05,100,"Junior","Large"
826,"PL-0128","SCA","Medium",5,2091.8,4.77,55.15,"Junior","Medium"
827,"PL-0247","DAST","Critical",11,2093.89,6.79,100,"Intermediate","Medium"
828,"PL-0234","IaC","Medium",2,2097.56,2.8,45.22,"Junior","Medium"
829,"PL-0182","DAST","Critical",5,2100.24,6.73,100,"Junior","Medium"
830,"PL-0125","SCA","Medium",2,2100.73,3.58,52.51,"Intermediate","Large"
831,"PL-0073","DAST","Low",1,2102.85,4.51,9.35,"Intermediate","Small"
832,"PL-0289","SCA","Low",1,2105.46,4.33,29.15,"Senior","Small"
833,"PL-0109","SAST","High",7,2106.66,4.7,73.73,"Intermediate","Large"
834,"PL-0211","Container","Low",2,2111.27,6.47,29.21,"Junior","Medium"
835,"PL-0161","SAST","High",3,2111.6,3.1,70.12,"Senior","Small"
836,"PL-0139","SCA","Medium",3,2111.98,3.34,42.94,"Intermediate","Medium"
837,"PL-0061","DAST","Low",4,2113.4,5.92,38.15,"Junior","Medium"
838,"PL-0091","DAST","Medium",6,2118,7.95,58.41,"Junior","Small"
839,"PL-0188","DAST","Medium",5,2118.34,5.63,61.53,"Intermediate","Medium"
840,"PL-0208","SAST","Low",2,2121.53,4.43,21.14,"Junior","Small"
841,"PL-0051","SCA","Critical",10,2121.84,3.42,98.58,"Junior","Small"
842,"PL-0087","SCA","Medium",4,2122.05,3.65,43.89,"Intermediate","Medium"
843,"PL-0168","SAST","High",7,2123.3,5.5,84.86,"Junior","Medium"
844,"PL-0211","SCA","Medium",2,2125.61,4.8,50.69,"Junior","Medium"
845,"PL-0236","Container","Critical",9,2126.45,5.54,100,"Intermediate","Large"
846,"PL-0289","SCA","High",4,2129.38,3.19,80.28,"Senior","Medium"
847,"PL-0207","SAST","Medium",7,2130.79,5.13,51.35,"Junior","Medium"
848,"PL-0072","DAST","Medium",5,2132.08,4.54,46.73,"Junior","Medium"
849,"PL-0006","Container","Critical",8,2134.6,4.83,100,"Senior","Large"
850,"PL-0043","DAST","Medium",3,2135.95,6.04,55.95,"Junior","Medium"
851,"PL-0222","IaC","High",7,2136.07,3.69,69.49,"Junior","Small"
852,"PL-0180","IaC","Medium",6,2136.75,4.71,47.39,"Intermediate","Medium"
853,"PL-0101","SAST","Medium",4,2137.56,4.78,56.37,"Junior","Small"
854,"PL-0255","SCA","Low",1,2138.71,5.59,27.05,"Junior","Small"
855,"PL-0165","SAST","Low",3,2139.12,3.19,37.35,"Senior","Small"
856,"PL-0219","Container","Medium",5,2142.23,4.77,50.37,"Intermediate","Medium"
857,"PL-0283","DAST","Medium",3,2144.3,5.59,57.81,"Junior","Medium"
858,"PL-0177","SAST","Medium",3,2147.05,3.61,56.62,"Junior","Medium"
859,"PL-0145","IaC","High",3,2149.48,4.43,77.34,"Junior","Medium"
860,"PL-0062","SCA","Medium",7,2150.04,2.91,49.84,"Intermediate","Large"
861,"PL-0119","SCA","Critical",7,2150.81,3.67,100,"Intermediate","Small"
862,"PL-0026","IaC","High",7,2156.97,4.63,83.23,"Intermediate","Small"
863,"PL-0249","Container","Medium",1,2160.84,5.84,47.17,"Junior","Medium"
864,"PL-0283","SCA","Low",1,2161.45,2.53,21.47,"Intermediate","Small"
865,"PL-0082","Container","Medium",2,2162.14,4.78,47.71,"Junior","Small"
866,"PL-0131","SAST","Medium",2,2169.59,4.77,53.1,"Junior","Small"
867,"PL-0213","IaC","High",6,2169.77,3.22,66,"Senior","Medium"
868,"PL-0161","Container","High",6,2170.71,4.16,73.41,"Intermediate","Medium"
869,"PL-0011","DAST","Critical",5,2171.39,6.52,100,"Intermediate","Medium"
870,"PL-0013","IaC","Medium",3,2171.97,2.61,46.08,"Intermediate","Medium"
871,"PL-0109","SCA","Low",3,2174.22,3.02,18.81,"Junior","Small"
872,"PL-0232","SAST","Medium",4,2177.69,3.29,56.37,"Junior","Medium"
873,"PL-0036","SCA","Medium",4,2178.25,3.2,53.16,"Intermediate","Large"
874,"PL-0014","SCA","Low",2,2181.96,2.47,11.78,"Senior","Medium"
875,"PL-0069","Container","High",4,2182,6.33,78.86,"Intermediate","Large"
876,"PL-0185","Container","Medium",5,2184.69,5.11,49.74,"Senior","Medium"
877,"PL-0084","SAST","Low",3,2185.76,5.47,19.17,"Junior","Large"
878,"PL-0243","IaC","Critical",5,2186.48,5,100,"Intermediate","Medium"
879,"PL-0215","SAST","High",5,2187.4,3.58,90.09,"Intermediate","Medium"
880,"PL-0275","SAST","Medium",13,2191.79,3.49,58.85,"Intermediate","Large"
881,"PL-0175","SCA","High",7,2194.52,3.11,65.79,"Junior","Medium"
882,"PL-0249","IaC","Low",2,2195,3.68,12.79,"Junior","Large"
883,"PL-0102","Container","Medium",4,2196.6,5.71,56.22,"Intermediate","Medium"
884,"PL-0103","SCA","Low",1,2196.73,3.67,14.96,"Intermediate","Medium"
885,"PL-0042","Container","High",6,2198.04,5.51,93.54,"Intermediate","Medium"
886,"PL-0291","SAST","Critical",7,2202.41,5.31,100,"Senior","Medium"
887,"PL-0088","SCA","Medium",2,2204.23,2.86,40.01,"Junior","Large"
888,"PL-0057","SAST","Medium",5,2204.56,4.58,54.84,"Junior","Small"
889,"PL-0049","SAST","Low",1,2206.27,3.77,6.94,"Senior","Small"
890,"PL-0081","SCA","High",7,2207.37,4.78,78.47,"Junior","Medium"
891,"PL-0138","Container","Medium",1,2208.99,4.92,45.48,"Senior","Medium"
892,"PL-0106","SCA","Low",1,2209.44,2.3,24.11,"Junior","Small"
893,"PL-0192","Container","Low",1,2214.81,7.28,25.28,"Senior","Small"
894,"PL-0141","SCA","Medium",1,2216.74,1.95,46.74,"Intermediate","Small"
895,"PL-0091","IaC","Critical",6,2219.42,4.27,95.38,"Junior","Small"
896,"PL-0116","DAST","Low",2,2226.42,5.13,29.89,"Junior","Large"
897,"PL-0165","SAST","Low",4,2228.64,4.52,19.78,"Intermediate","Medium"
898,"PL-0121","Container","Medium",6,2232.93,6.34,56.26,"Intermediate","Small"
899,"PL-0137","SAST","Critical",6,2235.46,5.25,95.79,"Junior","Medium"
900,"PL-0141","SCA","Medium",4,2235.58,1.85,50.27,"Junior","Medium"
901,"PL-0001","Container","Medium",1,2239.72,5.8,38.05,"Junior","Medium"
902,"PL-0038","SAST","Medium",6,2239.88,6.18,45.64,"Senior","Medium"
903,"PL-0211","SAST","Medium",2,2241.81,3.58,52.86,"Intermediate","Large"
904,"PL-0109","SAST","Low",2,2243.8,2.9,32.13,"Intermediate","Small"
905,"PL-0275","IaC","Medium",5,2246.6,2.95,63.01,"Junior","Small"
906,"PL-0037","SAST","Medium",5,2252.97,3.26,53.12,"Intermediate","Small"
907,"PL-0063","IaC","High",7,2257.18,4.79,88.95,"Intermediate","Small"
908,"PL-0283","Container","Critical",13,2257.28,7.01,100,"Intermediate","Medium"
909,"PL-0022","Container","Medium",2,2263.59,3.04,39.74,"Intermediate","Medium"
910,"PL-0077","Container","Medium",2,2266.19,6.23,40.75,"Junior","Large"
911,"PL-0014","SAST","High",5,2267.34,4.79,84.74,"Senior","Medium"
912,"PL-0110","IaC","Medium",2,2269.15,2.81,48.83,"Junior","Medium"
913,"PL-0054","Container","High",6,2273.43,6.84,75.33,"Senior","Small"
914,"PL-0052","Container","Low",2,2275.08,5.28,18.26,"Intermediate","Small"
915,"PL-0300","Container","Medium",3,2280.13,3.97,36.75,"Senior","Large"
916,"PL-0148","DAST","Medium",4,2280.53,5.67,47.84,"Junior","Medium"
917,"PL-0008","DAST","Low",2,2297.66,5.71,20.43,"Intermediate","Small"
918,"PL-0235","Container","Low",1,2299.04,4.26,16.39,"Intermediate","Small"
919,"PL-0130","SCA","Critical",10,2299.52,2.57,100,"Senior","Medium"
920,"PL-0142","SAST","Critical",9,2300.12,4.07,100,"Senior","Small"
921,"PL-0202","SCA","Medium",4,2303.95,2.31,46.69,"Intermediate","Small"
922,"PL-0181","Container","Critical",4,2305.45,5.41,100,"Intermediate","Large"
923,"PL-0234","Container","Medium",5,2306.51,5.61,46.01,"Junior","Large"
924,"PL-0253","Container","High",3,2306.93,4.84,71.17,"Junior","Small"
925,"PL-0192","DAST","Low",3,2307.02,6.91,24.24,"Intermediate","Medium"
926,"PL-0094","SAST","Medium",8,2308.87,4.41,54.2,"Senior","Medium"
927,"PL-0202","SCA","High",4,2310.1,3.95,64,"Intermediate","Small"
928,"PL-0047","SCA","Medium",6,2310.82,3.98,49.81,"Intermediate","Large"
929,"PL-0012","SCA","Critical",7,2314.61,4.5,100,"Junior","Small"
930,"PL-0018","IaC","Medium",2,2317.07,3.97,51.25,"Senior","Small"
931,"PL-0043","DAST","Medium",4,2317.75,5.93,46.79,"Junior","Medium"
932,"PL-0125","SAST","Medium",8,2318.71,3.97,46.76,"Intermediate","Small"
933,"PL-0041","SCA","Medium",1,2321.13,2.93,44.14,"Intermediate","Medium"
934,"PL-0264","IaC","Medium",3,2323.02,2.95,43.85,"Junior","Small"
935,"PL-0227","SAST","Low",1,2330.36,4.5,28.76,"Junior","Medium"
936,"PL-0010","SCA","Low",3,2330.97,3.66,15.38,"Intermediate","Large"
937,"PL-0203","SAST","Critical",7,2331.82,6.14,97.22,"Junior","Medium"
938,"PL-0106","IaC","Critical",12,2334.63,4.84,100,"Intermediate","Small"
939,"PL-0176","DAST","Medium",2,2335.35,5.57,57.01,"Junior","Medium"
940,"PL-0148","SAST","Medium",7,2336.73,4.72,64.33,"Junior","Small"
941,"PL-0223","Container","Low",4,2336.93,5.2,25.77,"Senior","Medium"
942,"PL-0089","SCA","Medium",7,2345.79,3,60.73,"Senior","Small"
943,"PL-0202","Container","Low",4,2349.04,4.3,28.69,"Senior","Large"
944,"PL-0118","Container","Medium",3,2350.9,4.55,51.29,"Junior","Small"
945,"PL-0115","IaC","High",5,2355.72,2.94,81.12,"Intermediate","Small"
946,"PL-0032","SCA","Low",1,2356.97,3.35,28.79,"Intermediate","Medium"
947,"PL-0100","IaC","High",7,2357.24,4.14,74.95,"Junior","Medium"
948,"PL-0048","DAST","High",9,2366.15,6.59,86.78,"Junior","Small"
949,"PL-0079","DAST","Medium",2,2368.28,5.86,36.96,"Junior","Medium"
950,"PL-0215","SCA","Medium",4,2368.48,3.71,47.03,"Junior","Small"
951,"PL-0011","SAST","Medium",3,2373.54,2.87,51.67,"Junior","Small"
952,"PL-0234","IaC","High",4,2378.86,4.79,61.93,"Senior","Small"
953,"PL-0226","SCA","Medium",3,2386.54,3.1,51.29,"Junior","Small"
954,"PL-0019","Container","High",4,2390.23,6.04,73.41,"Junior","Large"
955,"PL-0063","SAST","Critical",10,2390.97,5.77,91.67,"Senior","Medium"
956,"PL-0107","DAST","Medium",7,2391.27,6.67,57.51,"Senior","Small"
957,"PL-0127","DAST","Critical",8,2393.39,6.84,92.8,"Junior","Medium"
958,"PL-0235","SAST","Medium",5,2394.65,4.15,57.21,"Intermediate","Small"
959,"PL-0298","SAST","High",6,2395.89,4.36,75.61,"Junior","Small"
960,"PL-0192","SAST","Medium",7,2396.48,5.96,47.62,"Junior","Small"
961,"PL-0109","SAST","Low",1,2400.82,2.33,22.3,"Intermediate","Medium"
962,"PL-0017","DAST","Medium",3,2403.57,7.03,53.45,"Senior","Small"
963,"PL-0055","SCA","Medium",4,2404.83,2.69,59.53,"Intermediate","Small"
964,"PL-0110","Container","Medium",4,2407.39,4.97,52.47,"Intermediate","Large"
965,"PL-0248","SCA","Low",2,2408.18,2.01,17.77,"Junior","Small"
966,"PL-0092","SCA","Medium",2,2408.51,4.08,38.73,"Junior","Medium"
967,"PL-0150","DAST","High",8,2414.63,7.39,100,"Junior","Small"
968,"PL-0250","SCA","High",6,2417.06,3.62,78.05,"Junior","Small"
969,"PL-0191","SCA","High",5,2417.24,2.55,69.6,"Intermediate","Small"
970,"PL-0069","DAST","Low",1,2418.01,6.24,27.38,"Intermediate","Medium"
971,"PL-0216","IaC","High",6,2418.55,4.23,82.95,"Junior","Small"
972,"PL-0204","SCA","Low",2,2420.25,3.02,19.77,"Senior","Medium"
973,"PL-0282","Container","Medium",5,2423.15,4.71,57.06,"Intermediate","Small"
974,"PL-0151","Container","Critical",8,2425.85,5.66,93.6,"Intermediate","Medium"
975,"PL-0109","SAST","Low",1,2425.91,3.64,24.18,"Junior","Medium"
976,"PL-0297","SAST","High",10,2430.91,4.29,82.16,"Intermediate","Small"
977,"PL-0012","SAST","Low",1,2435.75,3.69,26.69,"Intermediate","Small"
978,"PL-0146","IaC","Medium",4,2440.29,3.81,52.05,"Intermediate","Small"
979,"PL-0007","SCA","Medium",5,2443.11,2.69,55.66,"Intermediate","Medium"
980,"PL-0272","DAST","Low",1,2444.65,6.34,21.4,"Senior","Medium"
981,"PL-0006","SAST","Medium",6,2453.5,4.75,52.5,"Junior","Medium"
982,"PL-0147","DAST","Low",1,2453.85,5.13,10.88,"Intermediate","Medium"
983,"PL-0242","SCA","Low",2,2454.37,3.33,27.52,"Junior","Medium"
984,"PL-0280","SAST","Critical",7,2455.49,3.51,100,"Junior","Small"
985,"PL-0277","Container","Medium",6,2455.79,6.11,67.77,"Junior","Medium"
986,"PL-0175","SCA","Low",1,2462.97,3.85,30.38,"Junior","Medium"
987,"PL-0284","SAST","High",8,2464.4,3.69,98.12,"Junior","Small"
988,"PL-0050","SCA","Critical",11,2464.94,3.67,100,"Intermediate","Medium"
989,"PL-0126","SAST","Medium",7,2475.63,5.05,56.37,"Senior","Small"
990,"PL-0006","SAST","Low",2,2483.62,3.56,26.24,"Junior","Small"
991,"PL-0164","IaC","Medium",4,2491.01,3.29,64.67,"Intermediate","Small"
992,"PL-0021","DAST","Medium",3,2492.61,6.16,51.04,"Junior","Small"
993,"PL-0189","IaC","Medium",6,2495.54,4.44,43.3,"Intermediate","Medium"
994,"PL-0001","IaC","Medium",4,2496.67,3.19,52.17,"Junior","Small"
995,"PL-0257","IaC","Medium",2,2502.47,2,45.85,"Intermediate","Medium"
996,"PL-0015","SCA","Critical",8,2503.12,4.39,100,"Intermediate","Small"
997,"PL-0218","DAST","Medium",2,2503.2,6.45,54.6,"Intermediate","Small"
998,"PL-0155","SCA","Low",2,2504.79,3.3,20.06,"Senior","Medium"
999,"PL-0121","SCA","Medium",8,2505.23,3.1,61.18,"Senior","Small"
1000,"PL-0033","IaC","Medium",3,2508.86,3.98,56.69,"Senior","Medium"
